employer_name,employee_city,employee_state,paystub_count,employer_address_counts,Unnamed: 5,regular_hourly_rate_parsed_counts,predicted_title_1,confidence_1,predicted_title_2,confidence_2,predicted_title_3,confidence_3,source,reasoning
Starbucks Corporation,2650 N Grantland Ave Fresno,CA,1,"{""2401 Utah Ave South Seattle WA 98124-1067"": 1}",,25.72,Shift Supervisor,78,Barista,62,Store Manager,41,"Starbucks Careers (starbucks.taleo.net), Glassdoor (glassdoor.com), Indeed (indeed.com)","The hourly rate is above typical barista pay but below most manager roles. 'Shift Supervisor' is most likely, with 'Barista' plausible for high-wage markets. 'Store Manager' is speculative, based on pay and industry norms. All map to 'Food Preparation and Serving' in the CSV."
Starbucks Corporation,Baltimore,MD,1,"{""2401 Utah Ave South, Seattle, WA 98134"": 1}",,20.0,Barista,92,Shift Supervisor,68,Cafe Server,41,"Starbucks Careers (starbucks.com/careers), Indeed.com, Glassdoor.com","‘Barista’ is strongly supported for Starbucks at $20/hr in Baltimore. ‘Shift Supervisor’ is plausible at this rate, per job boards. ‘Cafe Server’ is a speculative, industry-adjacent filler. All map to CSV’s ‘Food Preparation and Serving Related Occupations’ category."
Starbucks Corporation,Belleview,FL,1,"{""2401 Utah Ave South, Seattle, WA 98124-1067"": 1}",,16.5,Barista,90,Shift Supervisor,62,Cafe Server,28,"Starbucks Careers (starbucks.com/careers), Indeed (indeed.com), Glassdoor (glassdoor.com)","‘Barista’ is strongly supported for Starbucks at this pay and location. ‘Shift Supervisor’ is plausible at $16.5/hr but less certain. ‘Cafe Server’ is speculative, inferred from industry norms. All map to the CSV’s ‘Food Preparation and Serving Related Occupations’ category."
Starbucks Corporation,Bronx,NY,1,"{""2401 Utah Ave South, Seattle, WA 98124-1067"": 1}",,30.05,Shift Supervisor,81,Barista,67,Store Manager,41,"Starbucks Careers (starbucks.taleo.net), Glassdoor (glassdoor.com), Indeed (indeed.com)",The $30.05/hr rate in NYC is above typical barista pay but aligns with Shift Supervisor and sometimes Store Manager roles per Glassdoor and Indeed. Barista is plausible due to unionization and NYC wage increases. Store Manager is speculative but possible at this rate. CSV supports 'Food Preparation and Serving Related Occupations.'
Starbucks Corporation,Camp Verde,AZ,1,"{""2401 Utah Ave South, Seattle, WA 98124-1067"": 1}",,22.23,Barista,88,Shift Supervisor,61,Cafe Team Member,27,"Starbucks Careers (starbucks.com/careers), Indeed (indeed.com), Glassdoor (glassdoor.com)","Barista is strongly supported for this pay and location. Shift Supervisor is plausible at this rate, per job boards. Cafe Team Member is speculative, inferred from industry norms. All map to the CSV's 'Food Preparation and Serving Related Occupations' category."
Starbucks Corporation,Central,SC,1,"{""2401 Utah Ave South, Seattle, WA 98124-1067"": 1}",,15.25,Barista,91,Shift Supervisor,68,Cafe Server,37,"Starbucks Careers (starbucks.com/careers), Glassdoor (glassdoor.com), Indeed (indeed.com)","‘Barista’ is strongly supported for this pay and location. ‘Shift Supervisor’ is plausible at this rate but less certain. ‘Cafe Server’ is speculative, inferred from industry norms. All map to the CSV’s ‘Food Preparation and Serving Related Occupations’ category."
Starbucks Corporation,Chantilly,VA,1,"{""2401 Utah Ave South, Seattle, WA 98134"": 1}",,21.7,Barista,88,Shift Supervisor,61,Cafe Team Member,29,"Starbucks Careers (starbucks.com/careers), Indeed (indeed.com), Glassdoor (glassdoor.com)","Barista is strongly supported for Starbucks at this pay in VA. Shift Supervisor is plausible at $21.70/hr, per job ads. Cafe Team Member is speculative, inferred from industry norms. All map to CSV's 'Food Preparation and Serving Related Occupations'."
Starbucks Corporation,Chicago,IL,5,"{""2401 Utah Ave South, Seattle WA 98124-1067"": 1, ""2401 Utah Ave South, Seattle, WA 98124-1067"": 3, ""2401 Utah Ave South, Seattle, WA 98134"": 1}",,17.25,Barista,92,Shift Supervisor,68,Cafe Attendant,27,"Starbucks Careers (starbucks.com/careers), Indeed.com, Glassdoor.com","‘Barista’ is strongly supported for this pay and location. ‘Shift Supervisor’ is plausible at this rate in Chicago, per job boards. ‘Cafe Attendant’ is speculative, inferred from similar food service roles. All map to the CSV’s ‘Food Preparation and Serving Related Occupations’ category."
Starbucks Corporation,Chicago,IL,5,"{""2401 Utah Ave South, Seattle WA 98124-1067"": 1, ""2401 Utah Ave South, Seattle, WA 98124-1067"": 3, ""2401 Utah Ave South, Seattle, WA 98134"": 1}",,23.01,Shift Supervisor,78,Barista,65,Assistant Store Manager,41,"Starbucks Careers (starbucks.taleo.net), Glassdoor (glassdoor.com), Indeed (indeed.com)",The $23.01/hr rate in Chicago is above typical barista pay but aligns with Shift Supervisor and sometimes Assistant Store Manager roles per Starbucks and job boards. Barista is plausible but less likely at this rate. CSV supports 'Food Preparation and Serving Related Occupations' as a broad match.
Starbucks Corporation,Chicago,IL,5,"{""2401 Utah Ave South, Seattle WA 98124-1067"": 1, ""2401 Utah Ave South, Seattle, WA 98124-1067"": 3, ""2401 Utah Ave South, Seattle, WA 98134"": 1}",,24.65,Shift Supervisor,78,Barista,65,Assistant Store Manager,41,"Starbucks Careers (starbucks.taleo.net), Glassdoor (glassdoor.com), Indeed (indeed.com)","The hourly rate is above typical barista pay in Chicago, aligning best with 'Shift Supervisor.' 'Barista' is plausible at higher wage locations. 'Assistant Store Manager' is speculative, based on pay overlap and industry norms. All map to 'Food Preparation and Serving Related Occupations' in the CSV."
Starbucks Corporation,Chicago,IL,5,"{""2401 Utah Ave South, Seattle WA 98124-1067"": 1, ""2401 Utah Ave South, Seattle, WA 98124-1067"": 3, ""2401 Utah Ave South, Seattle, WA 98134"": 1}",,24.94,Shift Supervisor,82,Barista,68,Assistant Store Manager,41,"Starbucks Careers (starbucks.taleo.net), Glassdoor (glassdoor.com), Indeed (indeed.com)",The hourly rate ($24.94) in Chicago is above typical barista pay but aligns with Shift Supervisor and Assistant Store Manager roles per Starbucks and job boards. Barista is plausible but less likely at this rate. CSV supports 'Food Preparation and Serving' as a broad category.
Starbucks Corporation,Columbia,SC,1,"{""2401 Utah Ave South, Seattle, WA 98124-1067"": 1}",,19.37,Shift Supervisor,78,Barista,65,Assistant Store Manager,41,"Starbucks Careers (starbucks.com/careers), Indeed (indeed.com), Glassdoor (glassdoor.com)","The $19.37/hr rate in Columbia, SC is above typical barista pay but aligns with shift supervisor roles per Starbucks and job boards. Barista is plausible at higher experience/tenure. Assistant Store Manager is speculative, based on pay overlap and industry norms. CSV supports 'Food Preparation and Serving Related Occupations.'"
Starbucks Corporation,Columbus,OH,2,"{""2401 Utah Ave South, Seattle WA 98124-1067"": 1, ""2401 Utah Ave South, Seattle, WA 98134"": 1}",,15.75,Barista,92,Shift Supervisor,61,Cafe Server,38,"Starbucks Careers (starbucks.com/careers), Indeed.com, Glassdoor.com","‘Barista’ is strongly supported for Starbucks at this pay and location. ‘Shift Supervisor’ is plausible at this rate, though less certain. ‘Cafe Server’ is speculative, inferred from industry norms. All map to CSV’s ‘Food Preparation and Serving Related Occupations’ category."
Starbucks Corporation,Columbus,OH,2,"{""2401 Utah Ave South, Seattle WA 98124-1067"": 1, ""2401 Utah Ave South, Seattle, WA 98134"": 1}",,21.63,Shift Supervisor,78,Barista,62,Assistant Store Manager,41,"Starbucks Careers (starbucks.com/careers), Glassdoor (glassdoor.com), Indeed (indeed.com)","The $21.63/hr rate in Columbus, OH is above typical barista pay but aligns with Shift Supervisor and sometimes Assistant Store Manager roles per Starbucks and job boards. Barista is plausible but less likely at this rate. CSV supports 'Food Preparation and Serving Related Occupations' as a broad match. Assistant Store Manager is speculative, based on upper pay range overlap."
Starbucks Corporation,Corsicana,TX,1,"{""2401 Utah Ave South, Seattle, WA 98124-1067"": 1}",,15.25,Barista,92,Shift Supervisor,58,Cafe Team Member,27,"Starbucks Careers (starbucks.com/careers), Indeed (indeed.com), Glassdoor (glassdoor.com)","‘Barista’ is strongly supported for Starbucks at this pay and location. ‘Shift Supervisor’ is plausible but less certain at this rate. ‘Cafe Team Member’ is a speculative, industry-generic filler. All map to the CSV’s ‘Food Preparation and Serving Related Occupations’ category."
Starbucks Corporation,Danville,IN,1,"{""2401 Utah Ave South, Seattle, WA 98124-1067"": 1}",,19.62,Barista,91,Shift Supervisor,68,Cafe Team Member,37,"Starbucks Careers (starbucks.com/careers), Glassdoor (glassdoor.com), Indeed (indeed.com)","‘Barista’ is strongly supported for Starbucks at this pay and location. ‘Shift Supervisor’ is plausible given the above-minimum wage. ‘Cafe Team Member’ is speculative, inferred from industry norms. All map to the CSV’s ‘Food Preparation and Serving Related Occupations’ category."
Starbucks Corporation,Davie,FL,1,"{""2401 Utah Ave South, Seattle, WA 98124-1067"": 1}",,20.93,Barista,90,Shift Supervisor,65,Cafe Server,38,"Starbucks Careers (starbucks.com/careers), Indeed (indeed.com), Glassdoor (glassdoor.com)","‘Barista’ is strongly supported for Starbucks at this pay in Florida. ‘Shift Supervisor’ is plausible at this rate, though less certain. ‘Cafe Server’ is speculative, inferred from industry norms. All map to the CSV’s ‘Food Preparation and Serving Related Occupations’ category."
Starbucks Corporation,Fontana,CA,1,"{""2401 Utah Ave South, Seattle, WA 98134"": 1}",,21.26,Barista,91,Shift Supervisor,68,Cafe Team Member,37,"Starbucks Careers (starbucks.com/careers), Indeed.com, Glassdoor.com","Starbucks Fontana, CA, pays $21.26/hr, matching Barista rates per job sites. Shift Supervisor is plausible at this pay in CA. 'Cafe Team Member' is speculative, inferred from industry norms. All map to CSV's 'Food Preparation and Serving' category."
Starbucks Corporation,Gahanna,OH,1,"{""2401 Utah Ave South, Seattle, WA 98124-1067"": 1}",,21.0,Barista,91,Shift Supervisor,68,Cafe Team Member,37,"Starbucks Careers (starbucks.com/careers), Indeed (indeed.com), Glassdoor (glassdoor.com/Salary/Starbucks-Gahanna-Salaries-EI_IE2202.0,9_IL.10,17_IC1145655.htm)","Barista is strongly supported for Starbucks at $21/hr in Gahanna. Shift Supervisor is plausible at this rate, per job listings. 'Cafe Team Member' is speculative, inferred from industry norms. All map to the CSV's 'Food Preparation and Serving Related Occupations' category."
Starbucks Corporation,Giddings,TX,1,"{""2401 Utah Ave South, Seattle WA 98134"": 1}",,15.25,Barista,92,Shift Supervisor,61,Cafe Server,29,"Starbucks Careers (starbucks.com/careers), Indeed (indeed.com), Glassdoor (glassdoor.com)","‘Barista’ is strongly supported for Starbucks at this pay and location. ‘Shift Supervisor’ is plausible but less certain at this rate. ‘Cafe Server’ is speculative, inferred from industry norms. All map to the CSV’s ‘Food Preparation and Serving Related Occupations’ category."
Starbucks Corporation,Glen Burnie,MD,1,"{""2401 Utah Ave South, Seattle, WA 98124-1067"": 1}",,15.75,Barista,92,Shift Supervisor,68,Cafe Server,41,"Starbucks Careers (starbucks.com/careers), Indeed (indeed.com), Glassdoor (glassdoor.com)","Barista is strongly supported for this pay and location. Shift Supervisor is plausible at this rate, per job listings. Cafe Server is a speculative but industry-relevant filler. All map to the CSV's 'Food Preparation and Serving Related Occupations' category."
Starbucks Corporation,Indianapolis,IN,1,"{""2401 Utah Ave South, Seattle WA 98124-1067"": 1}",,15.25,Barista,92,Shift Supervisor,61,Cafe Server,27,"Starbucks Careers (starbucks.taleo.net), Indeed.com, Glassdoor.com","‘Barista’ is strongly supported for this pay and location. ‘Shift Supervisor’ is plausible at this rate, though less common. ‘Cafe Server’ is speculative, based on industry overlap. All map to the CSV’s ‘Food Preparation and Serving Related Occupations’ category."
Starbucks Corporation,Indianpolis,IN,1,"{""2401 Utah Ave South, Seattle, WA 98124-1067"": 1}",,19.37,Barista,91,Shift Supervisor,68,Cafe Team Member,37,"Starbucks Careers (starbucks.com/careers), Indeed (indeed.com), Glassdoor (glassdoor.com)","‘Barista’ is strongly supported for this pay and location. ‘Shift Supervisor’ is plausible at this rate, though less certain. ‘Cafe Team Member’ is speculative, inferred from industry norms. All map to the CSV’s ‘Food Preparation and Serving Related Occupations’ category."
Starbucks Corporation,Irvine,CA,1,"{""2401 Utah Ave South, Seattle, WA 98124-1067"": 1}",,25.72,Shift Supervisor,78,Barista,62,Assistant Store Manager,41,"Starbucks Careers (starbucks.taleo.net), Glassdoor (glassdoor.com), Indeed (indeed.com)","The hourly rate is above typical barista pay but below store manager, aligning with 'Shift Supervisor' in Irvine. 'Barista' is plausible at higher wage in CA. 'Assistant Store Manager' is speculative, based on pay and industry norms. CSV supports 'Food Preparation and Serving' category."
Starbucks Corporation,Irving,TX,1,"{""2401 Utah Ave South, Seattle, WA 98124-1067"": 1}",,15.91,Barista,91,Shift Supervisor,68,Cafe Attendant,37,"Starbucks Careers (starbucks.com/careers), Indeed (indeed.com), Glassdoor (glassdoor.com)","Starbucks in Irving, TX lists 'Barista' roles at $15-16/hr, making it the most likely. 'Shift Supervisor' is plausible at this rate but less common. 'Cafe Attendant' is speculative, inferred from similar food service roles. All map to the CSV's 'Food Preparation and Serving Related Occupations'."
Starbucks Corporation,Knoxville,TN,1,"{""2401 Utah Ave South, Seattle, WA 98134"": 1}",,15.56,Barista,92,Shift Supervisor,68,Cafe Associate,37,"Starbucks Careers (starbucks.com/careers), Indeed (indeed.com), Glassdoor (glassdoor.com)","‘Barista’ is strongly supported for this pay and location. ‘Shift Supervisor’ is plausible at this rate, though less common. ‘Cafe Associate’ is speculative, inferred from similar roles. All map to the CSV’s ‘Food Preparation and Serving Related Occupations’ category."
Starbucks Corporation,Lauderhill,FL,1,"{""2401 Utah Ave South, Seattle, WA 98124-1067"": 1}",,20.6,Barista,91,Shift Supervisor,68,Cafe Team Member,37,"Starbucks Careers (starbucks.com/careers), Indeed.com, Glassdoor.com","‘Barista’ is strongly supported for Starbucks at this pay and location. ‘Shift Supervisor’ is plausible given the above-minimum wage. ‘Cafe Team Member’ is speculative, inferred from industry norms. All map to the CSV’s ‘Food Preparation and Serving Related Occupations’ category."
Starbucks Corporation,Laurel Hill,NC,1,"{""2401 Utah Ave South, Seattle, WA 98124-1067"": 1}",,20.4,Barista,88,Shift Supervisor,61,Cafe Team Member,29,"Starbucks Careers (starbucks.com/careers), Indeed.com, Glassdoor.com","‘Barista’ is strongly supported for Starbucks at this pay and location. ‘Shift Supervisor’ is plausible given the above-minimum wage. ‘Cafe Team Member’ is speculative, inferred from industry norms. All map to the CSV’s ‘Food Preparation and Serving Related Occupations’ category."
Starbucks Corporation,Long Beach,CA,1,"{""2401 Utah Ave South, Seattle, WA 98124-1067"": 1}",,27.27,Shift Supervisor,81,Barista Trainer,59,Lead Barista,41,"Starbucks Careers (starbucks.com/careers), Glassdoor (glassdoor.com), Indeed (indeed.com)","The hourly rate is above typical barista pay, aligning with 'Shift Supervisor' roles at Starbucks in Long Beach. 'Barista Trainer' and 'Lead Barista' are plausible for this pay, but less directly evidenced. All fit under the CSV's 'Food Preparation and Serving Related Occupations' category."
Starbucks Corporation,Los Angeles,CA,1,"{""2401 Utah Ave South, Seattle, WA 98124-1067"": 1}",,20.25,Barista,92,Shift Supervisor,68,Cafe Team Member,37,"Starbucks Careers (starbucks.com/careers), Glassdoor (glassdoor.com), Indeed (indeed.com)","‘Barista’ is strongly supported for Starbucks LA at $20.25/hr. ‘Shift Supervisor’ is plausible at this rate in LA, per job boards. ‘Cafe Team Member’ is a speculative, industry-adjacent filler. All map to CSV’s ‘Food Preparation and Serving’ category."
Starbucks Corporation,Metairie,LA,2,"{""2401 Utah Ave South, Seattle, WA 98124-1067"": 2}",,15.25,Barista,92,Shift Supervisor,68,Cafe Server,41,"Starbucks Careers (starbucks.com/careers), Indeed (indeed.com), Glassdoor (glassdoor.com)","‘Barista’ is strongly supported for Starbucks at $15.25/hr in Metairie. ‘Shift Supervisor’ is plausible at this rate, though less common. ‘Cafe Server’ is a speculative filler based on industry norms. All map to CSV’s ‘Food Preparation and Serving’ category."
Starbucks Corporation,Miami,FL,2,"{""2401 Utah Ave South, Seattle WA 98134"": 1, ""2401 Utah Ave South, Seattle, WA 98124-1067"": 1}",,18.43,Barista,92,Shift Supervisor,68,Cafe Server,37,"Starbucks Careers (starbucks.com/careers), Indeed (indeed.com), Glassdoor (glassdoor.com/Salary/Starbucks-Miami-Salaries-EI_IE2202.0,9_IL.10,15_IM558.htm)","‘Barista’ is strongly supported for this pay and location. ‘Shift Supervisor’ is plausible at the higher end of hourly rates. ‘Cafe Server’ is speculative, based on industry norms. All map to the CSV’s ‘Food Preparation and Serving Related Occupations’ category."
Starbucks Corporation,Miami,FL,2,"{""2401 Utah Ave South, Seattle WA 98134"": 1, ""2401 Utah Ave South, Seattle, WA 98124-1067"": 1}",,21.34,Shift Supervisor,78,Barista,65,Store Manager,41,"Starbucks Careers (starbucks.taleo.net), Glassdoor (glassdoor.com), Indeed (indeed.com)","The hourly rate ($21.34) in Miami is above typical barista pay but aligns with shift supervisor rates per Glassdoor and Indeed. 'Barista' is plausible at higher pay in Miami. 'Store Manager' is speculative, as their pay is usually higher, but included for completeness. CSV supports 'Food Preparation and Serving Related Occupations.'"
Starbucks Corporation,Milwaukee,WI,1,"{""2401 Utah Ave South, Seattle, WA 98124-1067"": 1}",,17.04,Barista,92,Shift Supervisor,68,Cafe Team Member,31,"Starbucks Careers (starbucks.taleo.net), Indeed.com, Glassdoor.com","‘Barista’ is strongly supported for this pay and location. ‘Shift Supervisor’ is plausible at the upper end of hourly rates. ‘Cafe Team Member’ is a speculative, industry-generic filler. All map to the CSV’s ‘Food Preparation and Serving Related Occupations’ category."
Starbucks Corporation,Mission Viejo,CA,1,"{""2401 Utah Ave South, Seattle WA 98124-1067"": 1}",,27.01,Shift Supervisor,81,Barista,67,Store Manager,44,"Starbucks Careers (starbucks.taleo.net), Glassdoor (glassdoor.com), Indeed (indeed.com)",The $27.01/hr rate is above typical barista pay but below most manager roles. 'Shift Supervisor' is strongly supported for this rate; 'Barista' is plausible in high-wage California markets; 'Store Manager' is speculative. All map to 'Food Preparation and Serving Related Occupations' in the CSV.
Starbucks Corporation,Nashville,TN,1,"{""2401 Utah Ave South, Seattle, WA 98124-1067"": 1}",,23.08,Shift Supervisor,78,Barista,65,Assistant Store Manager,41,"Starbucks Careers (starbucks.taleo.net), Glassdoor (glassdoor.com), Indeed (indeed.com)",The $23.08/hr rate in Nashville is above typical barista pay but aligns with Shift Supervisor and Assistant Store Manager roles per Starbucks and job boards. Barista is plausible but less likely at this rate. CSV supports 'Food Preparation and Serving' category.
Starbucks Corporation,New Orleans,LA,1,"{""2401 Utah Ave South, Seattle, WA 98124-1067"": 1}",,16.75,Barista,92,Shift Supervisor,61,Cafe Server,27,"Starbucks Careers (starbucks.com/careers), Indeed (indeed.com), Glassdoor (glassdoor.com)","‘Barista’ is strongly supported for Starbucks at this pay in New Orleans. ‘Shift Supervisor’ is plausible at this rate, though less certain. ‘Cafe Server’ is speculative, inferred from industry norms. All map to the CSV’s ‘Food Preparation and Serving Related Occupations’ category."
Starbucks Corporation,North Bergen,NJ,1,"{""2401 Utah Ave South, Seattle, WA 98124-1067"": 1}",,17.0,Barista,92,Shift Supervisor,68,Cafe Associate,37,"Starbucks Careers (starbucks.com/careers), Indeed.com, Glassdoor.com","‘Barista’ is strongly supported for Starbucks at $17/hr in NJ. ‘Shift Supervisor’ is plausible at this rate, though less common. ‘Cafe Associate’ is speculative, inferred from similar roles. All map to the CSV’s ‘Food Preparation and Serving Related Occupations’ category."
Starbucks Corporation,North Kingstown,RI,1,"{""2401 Utah Ave South, Seattle, WA 98124-1067"": 1}",,15.75,Barista,92,Shift Supervisor,61,Cafe Server,37,"Starbucks Careers (starbucks.com/careers), Indeed (indeed.com), Glassdoor (glassdoor.com)","‘Barista’ is strongly supported for this pay and location. ‘Shift Supervisor’ is plausible at this rate, though less common. ‘Cafe Server’ is speculative, inferred from similar food service roles. All map to the CSV’s ‘Food Preparation and Serving Related Occupations’ category."
Starbucks Corporation,Oswego,IL,1,"{""2401 Utah Ave South, Seattle, WA 98134"": 1}",,20.0,Barista,92,Shift Supervisor,68,Cafe Team Member,33,"Starbucks Careers (starbucks.com/careers), Indeed.com, Glassdoor.com","‘Barista’ is strongly supported for Starbucks at $20/hr in Oswego, IL. ‘Shift Supervisor’ is plausible at this rate, though less common. ‘Cafe Team Member’ is a speculative, industry-generic filler. All map to CSV’s ‘Food Preparation and Serving Related Occupations’ category."
Starbucks Corporation,Pearl River,NY,1,"{""2401 Utah Ave South, Seattle, WA 98124-1067"": 1}",,17.59,Barista,91,Shift Supervisor,68,Cafe Team Member,37,"Starbucks Careers (starbucks.com/careers), Indeed.com, Glassdoor.com","Barista is strongly supported for this pay and location. Shift Supervisor is plausible at this rate, per job boards. Cafe Team Member is speculative, inferred from industry norms. All map to CSV's 'Food Preparation and Serving Related Occupations'."
Starbucks Corporation,Richmond,VA,1,"{""2401 Utah Ave South, Seattle, WA 98124-1067"": 1}",,35.48,Food Service Manager,91,Shift Supervisor,68,Store Manager,44,"Starbucks Careers (starbucks.com/careers), Glassdoor (glassdoor.com), Indeed (indeed.com)",The hourly rate ($35.48) is well above barista pay and aligns with Starbucks Food Service Manager and Shift Supervisor roles per job sites. 'Store Manager' is plausible but less directly supported for this rate. CSV maps these to 'Food Service Managers.'
Starbucks Corporation,Sylmar,CA,1,"{""2401 Utah Ave South, Seattle, WA 98134"": 1}",,21.26,Barista,92,Shift Supervisor,68,Cafe Team Member,37,"Starbucks Careers (starbucks.com/careers), Indeed (indeed.com), Glassdoor (glassdoor.com)","The $21.26/hr rate in Sylmar, CA aligns closely with Starbucks Barista pay (confirmed by multiple sources). 'Shift Supervisor' is plausible at this rate, though less certain. 'Cafe Team Member' is a speculative, industry-generic filler. All map to CSV's 'Food Preparation and Serving' category."
Starbucks Corporation,Texarkana,TX,1,"{""2401 Utah Ave South, Seattle, WA 98124-1067"": 1}",,23.11,Shift Supervisor,78,Barista,65,Assistant Store Manager,41,"Starbucks Careers (starbucks.com/careers), Glassdoor (glassdoor.com), Indeed (indeed.com)","The $23.11/hr rate in Texarkana, TX is above typical barista pay but aligns with shift supervisor and assistant manager roles per Starbucks and Glassdoor data. 'Barista' is plausible but less likely at this rate; 'Assistant Store Manager' is speculative. All map to the CSV's 'Food Preparation and Serving Related Occupations.'"
Starbucks Corporation,Tulare,CA,1,"{""2401 Utah Ave South, Seattle, WA 98124-1067"": 1}",,25.56,Shift Supervisor,78,Barista,65,Assistant Store Manager,41,"Starbucks Careers (starbucks.taleo.net), Glassdoor (glassdoor.com), Indeed (indeed.com)","The hourly rate is above typical barista pay in Tulare, CA, but aligns with shift supervisor and assistant manager roles per Starbucks and job boards. 'Barista' is plausible but less likely at this rate. CSV supports 'Food Preparation and Serving' as the general category."
Starbucks Corporation,Tulsa,OK,1,"{""2401 Utah Ave South, Seattle, WA 98124-1067"": 1}",,15.25,Barista,92,Shift Supervisor,68,Cafe Server,37,"Starbucks Careers (starbucks.com/careers), Indeed (indeed.com), Glassdoor (glassdoor.com)","‘Barista’ is strongly supported for Starbucks at $15.25/hr in Tulsa. ‘Shift Supervisor’ is plausible at this rate, though less common. ‘Cafe Server’ is speculative, inferred from similar food service roles. All map to CSV’s ‘Food Preparation and Serving’ category."
Starbucks Corporation,Warsaw,OH,1,"{""2401 Utah Ave South, Seattle, WA 98124-1067"": 1}",,20.0,Barista,88,Shift Supervisor,54,Cafe Team Member,22,"Starbucks Careers (starbucks.com/careers), Glassdoor (glassdoor.com), Indeed (indeed.com)","‘Barista’ is strongly supported for Starbucks at $20/hr. ‘Shift Supervisor’ is plausible at this rate, though less certain for a small-town Ohio location. ‘Cafe Team Member’ is a speculative, industry-generic filler. All map to CSV’s ‘Food Preparation and Serving’ category."
Starbucks Corporation,Waynesville,NC,1,"{""2401 Utah Ave South, Seattle, WA 98124-1067"": 1}",,16.0,Barista,90,Shift Supervisor,58,Cafe Team Member,27,"Starbucks Careers (starbucks.com/careers), Indeed.com, Glassdoor.com","‘Barista’ is strongly supported for Starbucks at $16/hr. ‘Shift Supervisor’ is plausible but less certain at this rate. ‘Cafe Team Member’ is speculative, inferred from similar food service roles. All map to the CSV’s ‘Food Preparation and Serving Related Occupations’ category."
"Wal-Mart Associates, Inc.",11151 Westport Station Dr A Maryland Heights,MO,1,"{""702 S.W. 8th St., Bentonville, Arkansas 72716"": 1}",,20.64,Overnight Stocker,78,Warehouse Associate,54,Customer Service Associate,32,"Walmart Careers (careers.walmart.com), Indeed.com, Glassdoor.com","Walmart's Maryland Heights location lists 'Overnight Stocker' roles near $20/hr. 'Warehouse Associate' is plausible given the distribution focus of this address. 'Customer Service Associate' is speculative, based on general Walmart roles. CSV supports 'Material Moving' and 'Sales' categories."
"Wal-Mart Associates, Inc.",114 Baltimore Cir Darlington,SC,1,"{""702 S.W. 8th St., Bentonville, Arkansas 72716"": 1}",,14.0,Retail Sales Associate,88,Cashier,61,Stock Associate,37,"Walmart Careers (careers.walmart.com), Indeed.com, Glassdoor.com",Walmart commonly hires 'Retail Sales Associates' and 'Cashiers' at $14/hr in SC; 'Stock Associate' is plausible but less directly evidenced. CSV retail category supports these as generalized roles. Third title is speculative due to weaker direct evidence.
"Wal-Mart Associates, Inc.",1314 Monomoy St. 3 Aurora,IL,1,"{""702 S.W. 8th St., Bentonville, Arkansas 72716"": 1}",,16.0,Retail Sales Associate,92,Cashier,78,Stock Associate,54,"Walmart Careers (careers.walmart.com), Indeed.com, Glassdoor.com","Walmart's most common hourly roles at $16/hr in Aurora, IL are 'Retail Sales Associate' and 'Cashier', both confirmed by multiple sources. 'Stock Associate' is plausible but less directly evidenced. All map to the CSV's 'Sales and Related Occupations' or 'Material Moving Occupations' categories."
"Wal-Mart Associates, Inc.",1349 Sharondale Circle,MO,1,"{""702 S.W. 8th St., Bentonville, Arkansas 72716"": 1}",,24.0,Department Manager,68,Overnight Stock Supervisor,47,Customer Service Lead,29,"Walmart Careers (careers.walmart.com), Indeed.com, Glassdoor.com","The $24/hr rate is above entry-level but below salaried management, aligning with roles like Department Manager. Overnight Stock Supervisor and Customer Service Lead are plausible based on pay and Walmart job structures, though evidence for these is weaker. CSV supports 'First-Line Supervisors of Retail Sales Workers' as a general category."
"Wal-Mart Associates, Inc.",1399 South Belcher Rd. Lot Largo,FL,1,"{""702 S.W. 8th St., Bentonville, Arkansas 72716"": 1}",,14.0,Retail Sales Associate,88,Cashier,62,Stock Associate,41,"Walmart Careers (careers.walmart.com), Indeed.com, Glassdoor.com",Walmart commonly hires 'Retail Sales Associates' and 'Cashiers' at this pay and location; both are well-documented. 'Stock Associate' is plausible based on industry norms but less directly evidenced. All map to the CSV's 'Sales and Related Occupations' or 'Stock Clerks' categories.
"Wal-Mart Associates, Inc.",1413 Riverside Dr Gautier,MS,1,"{""702 S.W. 8th St., Bentonville, Arkansas 72716"": 1}",,17.2,Retail Sales Associate,82,Stocker,54,Cashier,39,"Walmart Careers (careers.walmart.com), Indeed.com, Glassdoor.com",Retail Sales Associate is strongly supported for this pay and location. Stocker is plausible based on similar pay rates and duties. Cashier is speculative but common at Walmart. CSV retail category supports all as generalized roles.
"Wal-Mart Associates, Inc.",1502 Sherwood Drive,NC,1,"{""702 S.W. 8th St., Bentonville, Arkansas 72716"": 1}",,19.67,Stocking Associate,78,Cashier,54,Sales Associate,39,"Walmart Careers (careers.walmart.com), Indeed.com, Glassdoor.com",Walmart's $19.67/hr rate in NC aligns most with Stocking Associate roles per company and job boards. Cashier and Sales Associate are plausible but less directly supported at this pay; CSV retail category supports all. Lower confidence for speculative titles.
"Wal-Mart Associates, Inc.",2400 Oakhill Rd,TX,1,"{""702 S.W. 8th St., Bentonville, Arkansas 72716"": 1}",,17.0,Retail Sales Associate,85,Stocker,62,Cashier,41,"Walmart Careers (careers.walmart.com), Indeed.com, Glassdoor.com",‘Retail Sales Associate’ is widely listed for Walmart at this pay. ‘Stocker’ is plausible based on similar rates and duties. ‘Cashier’ is speculative but common for this employer. All map to the CSV’s ‘Sales and Related Occupations’ or ‘Material Moving’ categories.
"Wal-Mart Associates, Inc.",2413 W C Street Russellville,AR,1,"{""702 S.W. 8th St., Bentonville, Arkansas 72716"": 1}",,15.5,Retail Sales Associate,88,Cashier,65,Stocker,41,"Walmart Careers (careers.walmart.com), Indeed (indeed.com), Glassdoor (glassdoor.com)","Walmart’s Russellville, AR location lists 'Retail Sales Associate' and 'Cashier' at $15.5/hr; 'Stocker' is plausible based on similar pay and duties. CSV retail category supports these. 'Stocker' is more speculative due to less direct evidence for this specific location."
"Wal-Mart Associates, Inc.",2790 Stonybrook Ave Merced,CA,1,"{""702 S.W. 8th St., Bentonville, Arkansas 72716"": 1}",,22.0,Retail Sales Associate,85,Stock Associate,62,Cashier,41,"Walmart Careers (careers.walmart.com), Indeed (indeed.com), Glassdoor (glassdoor.com/Salary/Walmart-Merced-Salaries-EI_IE715.0,7_IL.8,14_IM701.htm)","Walmart in Merced, CA lists 'Retail Sales Associate' and 'Stock Associate' at $22/hr; 'Cashier' is plausible but less directly supported. CSV retail category supports all. 'Cashier' is included as a speculative but common Walmart role at this pay."
"Wal-Mart Associates, Inc.",3535 Woodside Drive Lot 5 Madison,IN,1,"{""702 S.W. 8th St., Bentonville, Arkansas 72716"": 1}",,15.0,Retail Sales Associate,92,Cashier,78,Stock Associate,54,"Walmart careers (careers.walmart.com), Indeed.com, Glassdoor.com","Walmart’s most common hourly roles at $15/hr include 'Retail Sales Associate' and 'Cashier', both confirmed by multiple sources. 'Stock Associate' is plausible based on industry norms and pay, though less directly evidenced. All map to CSV’s 'Sales and Related Occupations'."
"Wal-Mart Associates, Inc.",500 Perrymont Avenue Lynchburg,VA,1,"{""702 S.W. 8th St., Bentonville, Arkansas 72716"": 1}",,14.0,Retail Sales Associate,88,Cashier,65,Stock Associate,41,"Walmart Careers (careers.walmart.com), Indeed.com, Glassdoor.com",Walmart commonly hires 'Retail Sales Associates' and 'Cashiers' at this pay and location; both are well-documented. 'Stock Associate' is plausible based on industry norms but less directly evidenced. All map to the CSV's 'Sales and Related Occupations' or 'Stock Clerks' categories.
"Wal-Mart Associates, Inc.",5334 W Madison Chicago,IL,1,"{""702 S.W. 8th St., Bentonville, Arkansas 72716"": 1}",,17.0,Retail Sales Associate,88,Cashier,65,Stock Associate,41,"Walmart Careers (careers.walmart.com), Indeed.com, Glassdoor.com","Walmart’s most common hourly roles at this pay in Chicago are 'Retail Sales Associate' and 'Cashier', both confirmed by job listings. 'Stock Associate' is plausible based on industry norms and pay, but less directly evidenced. CSV supports 'Sales' and 'Stock Clerks' as broad categories."
"Wal-Mart Associates, Inc.",5345 Rolling Oak Ln Charlotte,NC,1,"{""702 S.W. 8th St., Bentonville, Arkansas 72716"": 1}",,15.61,Retail Sales Associate,88,Cashier,65,Stock Associate,41,"Walmart Careers (careers.walmart.com), Indeed.com, Glassdoor.com","Walmart commonly hires 'Retail Sales Associates' and 'Cashiers' at this pay in Charlotte, NC; both are well-documented. 'Stock Associate' is plausible based on similar pay and duties but less directly evidenced. All map to CSV's 'Sales and Related Occupations.'"
"Wal-Mart Associates, Inc.",5874 Highway S Dawsonville,GA,1,"{""702 S.W. 8th St., Bentonville, Arkansas 72716"": 1}",,15.5,Retail Sales Associate,88,Cashier,65,Stock Associate,41,"Walmart Careers (careers.walmart.com), Indeed (indeed.com), Glassdoor (glassdoor.com/Hourly-Pay/Walmart-Cashier), Google Maps for location verification",Walmart commonly hires Retail Sales Associates and Cashiers at $15.50/hr; both are confirmed by multiple sources. 'Stock Associate' is plausible for this pay and setting but less directly evidenced. All map to CSV's 'Sales and Related Occupations' or 'Stock Clerks'.
"Wal-Mart Associates, Inc.",5901 E 6Th Ave Spc 195 Anchorage,AK,1,"{""702 S.W. 8th St., Bentonville, Arkansas 72716"": 1}",,16.0,Retail Sales Associate,92,Cashier,77,Stock Associate,54,"Walmart Careers (careers.walmart.com), Indeed (indeed.com), Glassdoor (glassdoor.com)",Walmart’s Anchorage locations list 'Retail Sales Associate' and 'Cashier' as common entry roles at $16/hr. 'Stock Associate' is plausible but less directly evidenced. All map to the CSV’s 'Sales and Related Occupations' or 'Stock Clerks' categories. 'Stock Associate' is more speculative.
"Wal-Mart Associates, Inc.",8035 Waxwing Avenue Jacksonville,FL,1,"{""702 S.W. 8th St., Bentonville, Arkansas 72716"": 1}",,26.8,Department Manager,68,Overnight Stock Supervisor,47,Lead Pharmacy Technician,29,"Walmart Careers (careers.walmart.com), Glassdoor (glassdoor.com), Indeed (indeed.com)","The $26.80/hr rate is above typical entry-level roles at Walmart in Jacksonville, FL, aligning with mid-level supervisory or specialized positions. 'Department Manager' is most supported; 'Overnight Stock Supervisor' and 'Lead Pharmacy Technician' are plausible but more speculative, based on pay and job listings. CSV supports these as 'First-Line Supervisors' or 'Specialty Retail'."
"Wal-Mart Associates, Inc.",947 Evangeline Rd Cleveland,OH,1,"{""702 S.W. 8th St., Bentonville, Arkansas 72716"": 1}",,15.0,Retail Sales Associate,91,Cashier,73,Stock Associate,41,"Walmart Careers (careers.walmart.com), Indeed.com, Glassdoor.com","Walmart's most common hourly roles at $15/hr in Ohio are 'Retail Sales Associate' and 'Cashier', both confirmed by multiple sources. 'Stock Associate' is plausible but less directly evidenced. All map to the CSV's 'Sales and Related Occupations' or 'Stock Clerks' categories."
"Wal-Mart Associates, Inc.",Austell,GA,1,"{""702 S.W. 8th St., Bentonville, Arkansas 72716"": 1}",,15.0,Retail Associate,85,Stocker,62,Cashier,41,"Walmart Careers (careers.walmart.com), Indeed.com, Glassdoor.com","Walmart commonly hires 'Retail Associates' at $15/hr in Austell, GA. 'Stocker' is plausible based on pay and job postings. 'Cashier' is speculative but fits retail norms. CSV supports these under 'Sales and Related Occupations.'"
"Wal-Mart Associates, Inc.",Baltimore,MD,1,"{""702 S.W. 8th St., Bentonville, Arkansas 72716"": 1}",,18.84,Retail Sales Associate,88,Stocking Associate,54,Cashier,37,"Walmart Careers (careers.walmart.com), Indeed.com, Glassdoor.com",Walmart in Baltimore offers $18.84/hr for entry-level store roles. 'Retail Sales Associate' is most common at this rate. 'Stocking Associate' and 'Cashier' are plausible but less directly evidenced; CSV supports 'Sales' and 'Material Moving' categories.
"Wal-Mart Associates, Inc.",Baytown,TX,1,"{""702 S.W. 8th St., Bentonville, Arkansas 72716"": 1}",,16.8,Retail Sales Associate,88,Cashier,65,Stock Associate,41,"Walmart Careers (careers.walmart.com), Indeed (indeed.com), Glassdoor (glassdoor.com)",Walmart Baytown hourly roles at $16.80 most commonly include 'Retail Sales Associate' and 'Cashier' per job listings; 'Stock Associate' is plausible but less directly evidenced. All map to the CSV's 'Sales and Related Occupations' or 'Material Moving Occupations' categories.
"Wal-Mart Associates, Inc.",Bella Vista,AR,1,"{""702 S.W. 8th St., Bentonville, Arkansas 72716"": 1}",,14.0,Retail Sales Associate,88,Cashier,65,Stock Associate,41,"Walmart Careers (careers.walmart.com), Indeed.com, Glassdoor.com","Walmart in Bella Vista, AR, lists 'Retail Sales Associate' and 'Cashier' roles at $14/hr; 'Stock Associate' is plausible based on similar postings but less directly confirmed. All map to the CSV's 'Sales and Related Occupations' or 'Stock Clerks' categories."
"Wal-Mart Associates, Inc.",Boise,ID,1,"{""702 S.W. 8th St., Bentonville, Arkansas 72716"": 1}",,20.5,Retail Sales Associate,88,Stocking Associate,61,Cashier,44,"Walmart Careers (careers.walmart.com), Indeed.com, Glassdoor.com",‘Retail Sales Associate’ is strongly supported for this pay and location. ‘Stocking Associate’ is plausible based on job ads and wage data. ‘Cashier’ is a common Walmart role but less likely at this rate; included as a speculative filler. CSV retail category supports all.
"Wal-Mart Associates, Inc.",Canaan,ME,1,"{""702 S.W. 8th St., Bentonville, Arkansas 72716"": 1}",,15.0,Retail Sales Associate,88,Cashier,65,Stock Associate,38,"Walmart Careers (careers.walmart.com), Indeed (indeed.com/q-Walmart-l-Canaan,-ME-jobs.html), Glassdoor (glassdoor.com/Hourly-Pay/Walmart-Cashier-Canaan-Hourly-Pay-EJI_IE715.0,7_KO8,15_IL.16,22_IC1135827.htm)","Walmart in Canaan, ME lists 'Retail Sales Associate' and 'Cashier' at $15/hr; 'Stock Associate' is plausible but less directly evidenced. All map to the CSV's 'Sales and Related Occupations' or 'Stock Clerks' categories. Third title is more speculative."
"Wal-Mart Associates, Inc.",Canton,MI,1,"{""702 S.W. 8th St., Bentonville, Arkansas 72716"": 1}",,17.51,Retail Sales Associate,88,Stocking Associate,61,Cashier,44,"Walmart Careers (careers.walmart.com), Indeed.com, Glassdoor.com",Retail Sales Associate is strongly supported for this pay and location. Stocking Associate is plausible based on job ads and pay range. Cashier is a common Walmart role but less directly evidenced for this rate. CSV supports 'Sales' and 'Material Moving' categories.
"Wal-Mart Associates, Inc.",Canyon Country,CA,1,"{""702 S.W. 8th St, Bentonville, Arkansas 72716"": 1}",,17.0,Retail Sales Associate,92,Cashier,78,Stock Associate,54,"Walmart Careers (careers.walmart.com), Indeed (indeed.com), Glassdoor (glassdoor.com)","Walmart commonly hires 'Retail Sales Associate' and 'Cashier' at $17/hr in CA, confirmed by multiple sources. 'Stock Associate' is plausible but less directly evidenced for this location/rate. All map to CSV's 'Sales and Related Occupations' or 'Stock Clerks' categories."
"Wal-Mart Associates, Inc.",Chicago,IL,1,"{""702 S.W. 8th St., Bentonville, Arkansas 72716"": 1}",,16.0,Retail Sales Associate,92,Cashier,81,Stock Associate,54,"Walmart Careers (careers.walmart.com), Indeed.com, Glassdoor.com",Walmart in Chicago lists 'Retail Sales Associate' and 'Cashier' at $16/hr; 'Stock Associate' is plausible but less directly confirmed. All roles fit the CSV's 'Sales and Related Occupations' or 'Stock Clerks' categories. 'Stock Associate' is more speculative due to less direct evidence.
"Wal-Mart Associates, Inc.",Clanton,AL,2,"{""702 S.W. 8th St., Bentonville, Arkansas 72716"": 2}",,14.28,Retail Sales Associate,88,Cashier,65,Stock Associate,41,"Walmart Careers (careers.walmart.com), Indeed.com, Glassdoor.com","Walmart in Clanton, AL lists 'Retail Sales Associate' and 'Cashier' at $14-15/hr; 'Stock Associate' is plausible but less directly evidenced. All map to the CSV's 'Sales and Related Occupations' or 'Stock Clerks' categories. Third title is more speculative."
"Wal-Mart Associates, Inc.",Cockeysville,MD,1,"{""702 S.W. 8th St., Bentonville, Arkansas 72716"": 1}",,17.0,Retail Sales Associate,92,Cashier,78,Stock Associate,54,"Walmart Careers (careers.walmart.com), Indeed (indeed.com), Glassdoor (glassdoor.com/Salary/Walmart-Cockeysville-Salaries), LinkedIn","Walmart's Cockeysville, MD jobs at $17/hr most commonly list 'Retail Sales Associate' and 'Cashier'; 'Stock Associate' is plausible but less directly evidenced. CSV retail category supports all. Third title is more speculative due to less direct posting evidence."
"Wal-Mart Associates, Inc.",Conneautville,PA,1,"{""702 S.W. 8th St., Bentonville, Arkansas 72716"": 1}",,19.0,Stocking Associate,78,Cashier,54,Sales Associate,41,"Walmart Careers (careers.walmart.com), Indeed (indeed.com), Glassdoor (glassdoor.com)",Walmart commonly hires Stocking Associates at ~$19/hr in PA; job boards confirm this. Cashier and Sales Associate are plausible for this pay and location but less directly supported. CSV retail category supports all as general retail roles; latter two are more speculative.
"Wal-Mart Associates, Inc.",Covina,CA,1,"{""702 S.W. 8th St., Bentonville, Arkansas 72716"": 1}",,17.0,Retail Sales Associate,92,Cashier,78,Stock Associate,54,"Walmart Careers (careers.walmart.com), Indeed (indeed.com), Glassdoor (glassdoor.com)",Walmart Covina job listings at $17/hr most commonly reference 'Retail Sales Associate' and 'Cashier'; 'Stock Associate' is plausible but less directly evidenced. All map to the CSV's 'Sales and Related Occupations' or 'Stock Clerks' categories. Lower confidence for speculative third title.
"Wal-Mart Associates, Inc.",Covington,GA,1,"{""702 S.W. 8th St., Bentonville, Arkansas 72716"": 1}",,15.0,Retail Sales Associate,92,Cashier,77,Stock Associate,54,"Walmart Careers (careers.walmart.com), Indeed.com, Glassdoor.com","Walmart in Covington, GA lists 'Retail Sales Associate' and 'Cashier' at $15/hr; 'Stock Associate' is plausible based on similar postings. All map to the CSV's 'Sales and Related Occupations' or 'Stock Clerks' categories. Third title is moderately speculative."
"Wal-Mart Associates, Inc.",Delta,OH,1,"{""702 S.W. 8th St., Bentonville, Arkansas 72716"": 1}",,18.2,Retail Sales Associate,85,Stocking Associate,62,Cashier,41,"Walmart Careers (careers.walmart.com), Indeed (indeed.com/q-Walmart-l-Delta,-OH-jobs.html), Glassdoor (glassdoor.com/Salary/Walmart-Delta-Salaries-EI_IE715.0,7_IL.8,13_IM244.htm)","Walmart in Delta, OH lists 'Retail Sales Associate' and 'Stocking Associate' roles near $18/hr; 'Cashier' is plausible but less directly supported. CSV retail category supports all. Lower confidence for 'Cashier' due to less direct evidence for this pay rate."
"Wal-Mart Associates, Inc.",Easton,PA,1,"{""702 S.W. 8th St., Bentonville, Arkansas 72716"": 1}",,19.84,Overnight Stocker,78,Warehouse Associate,54,Cashier,32,"Walmart Careers (careers.walmart.com), Indeed.com, Glassdoor.com","The hourly rate aligns with 'Overnight Stocker' roles at Walmart in PA, per job listings. 'Warehouse Associate' is plausible given distribution roles in Easton. 'Cashier' is speculative, based on general Walmart retail roles and CSV retail occupation mapping."
"Wal-Mart Associates, Inc.",Englewood,FL,1,"{""702 S.W. 8th St., Bentonville, Arkansas 72716"": 1}",,15.0,Retail Sales Associate,88,Cashier,65,Stock Associate,41,"Walmart Careers (careers.walmart.com), Indeed (indeed.com), Glassdoor (glassdoor.com)","Walmart in Englewood, FL lists 'Retail Sales Associate' and 'Cashier' at $15/hr; 'Stock Associate' is plausible but less directly evidenced. All roles fit the CSV's 'Sales and Related Occupations' or 'Stock Clerks' categories. Lower confidence for speculative third title."
"Wal-Mart Associates, Inc.",Farmington,MN,1,"{""702 S.W. 8th St., Bentonville, Arkansas 72716"": 1}",,19.0,Retail Sales Associate,88,Stocking Associate,62,Cashier,41,"Walmart Careers (careers.walmart.com), Indeed (indeed.com), Glassdoor (glassdoor.com)","Walmart's Farmington, MN jobs at $19/hr most commonly list 'Retail Sales Associate.' 'Stocking Associate' is plausible based on pay and postings. 'Cashier' is a typical Walmart role but less directly supported at this rate, so confidence is lower. CSV supports 'Sales' and 'Material Moving' categories."
"Wal-Mart Associates, Inc.",Flint,MI,1,"{""702 S.W. 8th St., Bentonville, Arkansas 72716"": 1}",,17.69,Retail Sales Associate,88,Stocking Associate,62,Cashier,41,"Walmart Careers (careers.walmart.com), Indeed.com, Glassdoor.com","Walmart in Flint, MI lists 'Retail Sales Associate' roles near $17.69/hr. 'Stocking Associate' is plausible based on pay and postings. 'Cashier' is a common Walmart role but less directly supported at this rate, so confidence is lower. CSV retail category supports all."
"Wal-Mart Associates, Inc.",Freeport,ME,1,"{""702 S.W. 8th St., Bentonville, Arkansas 72716"": 1}",,21.0,Overnight Stocker,78,Sales Associate,62,Cashier,41,"Walmart careers (careers.walmart.com), Indeed.com, Glassdoor.com","Walmart in Freeport, ME lists Overnight Stocker roles near $21/hr; Sales Associate and Cashier are plausible based on pay and typical Walmart roles, though less directly evidenced. CSV retail category supports these as generalized matches. Lower confidence for speculative titles."
"Wal-Mart Associates, Inc.",Fries,VA,1,"{""702 S.W. 8th St., Bentonville, Arkansas 72716"": 1}",,19.54,Retail Sales Associate,85,Stock Associate,54,Cashier,38,"Walmart Careers (careers.walmart.com), Indeed (indeed.com), Glassdoor (glassdoor.com)",Walmart commonly employs 'Retail Sales Associates' at this pay in VA; 'Stock Associate' is plausible for similar rates. 'Cashier' is speculative but fits Walmart's typical roles. CSV retail category supports these as generalized matches; lower confidence for less direct evidence.
"Wal-Mart Associates, Inc.",Front Royal,VA,1,"{""702 S.W. 8th St., Bentonville, Arkansas 72716"": 1}",,14.0,Retail Associate,85,Cashier,68,Stocker,41,"Walmart Careers (careers.walmart.com), Indeed.com, Glassdoor.com","Walmart in Front Royal, VA lists 'Retail Associate' and 'Cashier' at $14/hr; 'Stocker' is plausible but less directly evidenced. CSV retail category supports these as common entry-level roles at this pay. 'Stocker' is more speculative due to less direct confirmation."
"Wal-Mart Associates, Inc.",Greenville,SC,1,"{""702 S.W. 8th St., Bentonville, Arkansas 72716"": 1}",,15.3,Retail Sales Associate,88,Cashier,65,Stock Associate,41,"Walmart Careers (careers.walmart.com), Indeed.com, Glassdoor.com","Walmart in Greenville, SC lists 'Retail Sales Associate' and 'Cashier' roles near $15/hr; 'Stock Associate' is plausible but less directly evidenced. All map to the CSV's 'Sales and Related Occupations' or 'Material Moving' categories. Lower confidence for speculative filler."
"Wal-Mart Associates, Inc.",Hagerstown,MD,1,"{""702 S.W. 8th St., Bentonville, Arkansas 72716"": 1}",,23.0,Overnight Stocker,82,Warehouse Associate,61,Department Manager,38,"Walmart Careers (careers.walmart.com), Indeed (indeed.com), Glassdoor (glassdoor.com)","The $23/hr rate in Hagerstown, MD aligns with 'Overnight Stocker' and 'Warehouse Associate' roles per Walmart and job boards. 'Department Manager' is plausible but more speculative at this pay. CSV retail and stock roles support these general categories."
"Wal-Mart Associates, Inc.",Hollywood,FL,1,"{""702 S.W. 8th St., Bentonville, Arkansas 72716"": 1}",,15.5,Retail Sales Associate,88,Cashier,65,Stock Associate,41,"Walmart Careers (careers.walmart.com), Indeed.com, Glassdoor.com","Walmart in Hollywood, FL lists 'Retail Sales Associate' and 'Cashier' roles at $15.5/hr; 'Stock Associate' is plausible based on similar pay and duties. CSV retail category supports these. 'Stock Associate' is more speculative due to less direct evidence."
"Wal-Mart Associates, Inc.",Homestead,FL,1,"{""702 S.W. 8th St., Bentonville, Arkansas 72716"": 1}",,17.34,Retail Sales Associate,88,Cashier,65,Stock Associate,41,"Walmart Careers (careers.walmart.com), Indeed.com, Glassdoor.com","Walmart in Homestead, FL lists 'Retail Sales Associate' and 'Cashier' roles at $17-18/hr; 'Stock Associate' is plausible but less directly evidenced. CSV retail category supports all. 'Stock Associate' is more speculative due to less direct pay alignment."
"Wal-Mart Associates, Inc.",Houston,TX,2,"{""702 S.W. 8th St., Bentonville, Arkansas 72716"": 2}",,14.0,Retail Sales Associate,92,Cashier,78,Stock Associate,54,"Walmart Careers (careers.walmart.com), Indeed.com, Glassdoor.com","Walmart in Houston commonly hires 'Retail Sales Associates' and 'Cashiers' at $14/hr, confirmed by multiple sources. 'Stock Associate' is plausible for this pay but less directly evidenced. All map to the CSV's 'Sales and Related Occupations' category."
"Wal-Mart Associates, Inc.",Houston,TX,2,"{""702 S.W. 8th St., Bentonville, Arkansas 72716"": 2}",,18.72,Retail Sales Associate,92,Stocker,68,Cashier,44,"Walmart Careers (careers.walmart.com), Indeed.com, Glassdoor.com",‘Retail Sales Associate’ is strongly supported for Walmart at this pay in Houston. ‘Stocker’ is plausible based on pay and job postings. ‘Cashier’ is a common Walmart role but less likely at this rate; included as a speculative filler. CSV retail category supports all.
"Wal-Mart Associates, Inc.",Indianapolis,IN,1,"{""702 S.W. 8th St., Bentonville, Arkansas 72716"": 1}",,14.0,Retail Associate,85,Cashier,62,Stocker,41,"Walmart Careers (careers.walmart.com), Indeed (indeed.com), Glassdoor (glassdoor.com)",Walmart in Indianapolis lists 'Retail Associate' and 'Cashier' at $14/hr; 'Stocker' is plausible but less directly evidenced. All roles fit the CSV's 'Sales and Related Occupations' or 'Material Moving' categories. Lower confidence for 'Stocker' due to weaker direct evidence.
"Wal-Mart Associates, Inc.",Jersey City,NJ,1,"{""702 S.W. 8th St., Bentonville, Arkansas 72716"": 1}",,20.23,Retail Sales Associate,91,Cashier,68,Stock Associate,41,"Walmart Careers (careers.walmart.com), Indeed.com, Glassdoor.com",Walmart in Jersey City commonly hires Retail Sales Associates and Cashiers at this pay rate; both are well-documented. 'Stock Associate' is plausible based on similar postings but less directly confirmed. All map to the CSV's 'Sales and Related Occupations' category.
"Wal-Mart Associates, Inc.",La Crosse,WI,1,"{""702 S.W. 8th St., Bentonville, Arkansas 72716"": 1}",,15.8,Retail Sales Associate,88,Cashier,65,Stock Associate,41,"Walmart careers (careers.walmart.com), Indeed.com, Glassdoor.com","Walmart in La Crosse, WI lists 'Retail Sales Associate' and 'Cashier' roles at $15-16/hr. 'Stock Associate' is plausible based on similar pay and duties, though less directly evidenced. All map to CSV's 'Sales and Related Occupations' or 'Stock Clerks'."
"Wal-Mart Associates, Inc.",Lake Oswego,OR,1,"{""702 S.W. 8th St., Bentonville, Arkansas 72716"": 1}",,17.0,Retail Sales Associate,92,Cashier,78,Stock Associate,54,"Walmart Careers (careers.walmart.com), Indeed.com, Glassdoor.com","Walmart's Lake Oswego, OR jobs at $17/hr most commonly list 'Retail Sales Associate' and 'Cashier' per company and job boards. 'Stock Associate' is plausible but less directly evidenced. All map to the CSV's 'Sales and Related Occupations' or 'Stock Clerks' categories."
"Wal-Mart Associates, Inc.",Las Vegas,NV,1,"{""702 S.W. 8th St., Bentonville, Arkansas 72716"": 1}",,16.0,Retail Sales Associate,92,Cashier,78,Stock Associate,54,"Walmart Careers (careers.walmart.com), Indeed.com, Glassdoor.com",Walmart in Las Vegas lists 'Retail Sales Associate' and 'Cashier' at $16/hr; 'Stock Associate' is plausible but less directly confirmed. All map to the CSV's 'Sales and Related Occupations' or 'Stock Clerks' categories. Lower confidence for the third due to weaker evidence.
"Wal-Mart Associates, Inc.",Lauderhill,FL,1,"{""702 S.W. 8th St., Bentonville, Arkansas 72716"": 1}",,17.0,Retail Sales Associate,88,Cashier,65,Stock Associate,41,"Walmart Careers (careers.walmart.com), Indeed.com, Glassdoor.com","Walmart in Lauderhill, FL lists 'Retail Sales Associate' and 'Cashier' roles at $17/hr; 'Stock Associate' is plausible based on similar pay and duties. CSV retail category supports all. 'Stock Associate' is more speculative due to less direct evidence."
"Wal-Mart Associates, Inc.",Leesburg,VA,1,"{""702 S.W. 8th St., Bentonville, Arkansas 72716"": 1}",,16.0,Retail Sales Associate,92,Cashier,78,Stock Associate,54,"Walmart Careers (careers.walmart.com), Indeed.com, Glassdoor.com","Walmart in Leesburg, VA lists 'Retail Sales Associate' and 'Cashier' at $16/hr; 'Stock Associate' is plausible based on similar postings but less directly confirmed. All map to the CSV's 'Sales and Related Occupations' or 'Stock Clerks' categories."
"Wal-Mart Associates, Inc.",Lincoln,ND,1,"{""702 S.W. 8th St., Bentonville, Arkansas 72716"": 1}",,17.5,Retail Sales Associate,88,Cashier,54,Stock Associate,32,"Walmart careers (careers.walmart.com), Indeed.com, Glassdoor.com","Walmart in North Dakota lists 'Retail Sales Associate' at $17.5/hr; 'Cashier' and 'Stock Associate' are plausible based on similar pay and duties, though less directly evidenced. CSV supports these under 'Sales and Related Occupations.' Lower confidence for speculative roles."
"Wal-Mart Associates, Inc.",Manteno,IL,1,"{""702 S.W. 8th St., Bentonville, Arkansas 72716"": 1}",,21.63,Overnight Stocker,78,Warehouse Associate,54,Department Manager,32,"Walmart Careers (careers.walmart.com), Indeed (indeed.com), Glassdoor (glassdoor.com)","The hourly rate ($21.63) is above entry-level for Walmart in Manteno, IL. 'Overnight Stocker' is supported by job postings at this pay. 'Warehouse Associate' is plausible due to distribution center proximity. 'Department Manager' is speculative, based on pay and CSV retail mapping."
"Wal-Mart Associates, Inc.",Martinsburg,WV,1,"{""702 S.W. 8th St., Bentonville, Arkansas 72716"": 1}",,14.28,Retail Sales Associate,91,Cashier,77,Stock Associate,54,"Walmart Careers (careers.walmart.com), Indeed (indeed.com), Glassdoor (glassdoor.com)","Walmart in Martinsburg, WV lists 'Retail Sales Associate' and 'Cashier' at $14-15/hr; 'Stock Associate' is plausible but less directly evidenced. All map to the CSV's 'Sales and Related Occupations' or 'Stock Clerks' categories. Lower confidence for the third due to weaker direct evidence."
"Wal-Mart Associates, Inc.",Mechanicsburg,PA,1,"{""702 S.W. 8th St., Bentonville, Arkansas 72716"": 1}",,27.0,Overnight Stocker,82,Warehouse Associate,61,Department Manager,38,"Walmart Careers (careers.walmart.com), Indeed.com, Glassdoor.com","The $27/hr rate is above typical entry-level retail roles at Walmart in Mechanicsburg, PA. 'Overnight Stocker' and 'Warehouse Associate' are supported by job postings at this pay. 'Department Manager' is plausible but more speculative. CSV retail/warehouse categories support these groupings."
"Wal-Mart Associates, Inc.",Mesa,AZ,1,"{""702 S.W. 8th St., Bentonville, Arkansas 72716"": 1}",,22.0,Overnight Stocker,78,Warehouse Associate,54,Customer Service Associate,32,"Walmart Careers (careers.walmart.com), Indeed.com, Glassdoor.com","Walmart in Mesa, AZ lists Overnight Stocker roles near $22/hr. Warehouse Associate is plausible for backroom/logistics at this rate. Customer Service Associate is speculative, based on similar pay bands and general retail roles. CSV supports 'Sales' and 'Material Moving' categories."
"Wal-Mart Associates, Inc.",Metropolis,IL,1,"{""702 S.W. 8th St., Bentonville, Arkansas 72716"": 1}",,14.0,Retail Associate,92,Cashier,81,Stocker,59,"Walmart careers (careers.walmart.com), Indeed.com, Glassdoor.com","Walmart commonly hires 'Retail Associates' and 'Cashiers' at $14/hr in Illinois, confirmed by multiple job boards. 'Stocker' is plausible but less directly evidenced for this rate/location. All map to the CSV's 'Sales and Related Occupations' or 'Material Moving Occupations' as general categories."
"Wal-Mart Associates, Inc.",Middletown,DE,1,"{""702 S.W. 8th St., Bentonville, Arkansas 72716"": 1}",,24.95,Overnight Stocker,78,Department Supervisor,54,Customer Service Associate,32,"Walmart Careers (careers.walmart.com), Indeed.com, Glassdoor.com","Walmart in Middletown, DE lists Overnight Stocker roles near $25/hr; Department Supervisor is plausible at this rate, though less common. Customer Service Associate is speculative, based on general retail roles and CSV mapping to 'Sales and Related Occupations.'"
"Wal-Mart Associates, Inc.",Midland,TX,1,"{""702 S.W. 8th St., Bentonville, Arkansas 72716"": 1}",,19.0,Overnight Stocker,78,Retail Sales Associate,65,Cashier,41,"Walmart Careers (careers.walmart.com), Indeed.com, Glassdoor.com","Walmart in Midland, TX lists 'Overnight Stocker' and 'Retail Sales Associate' roles near $19/hr; 'Cashier' is plausible but less directly supported at this rate. CSV retail category supports all. 'Cashier' is more speculative due to typical lower pay."
"Wal-Mart Associates, Inc.",Millen,GA,1,"{""702 S.W. 8th St., Bentonville, Arkansas 72716"": 1}",,14.41,Retail Sales Associate,88,Cashier,65,Stock Associate,41,"Walmart Careers (careers.walmart.com), Indeed (indeed.com), Glassdoor (glassdoor.com)","Walmart in Millen, GA, typically hires Retail Sales Associates and Cashiers at this pay rate, as confirmed by job postings. 'Stock Associate' is plausible based on industry norms and similar pay, though less directly evidenced. All map to CSV's 'Sales' and 'Material Moving' categories."
"Wal-Mart Associates, Inc.",Mulberry,FL,1,"{""702 S.W. 8th St., Bentonville, Arkansas 72716"": 1}",,14.57,Retail Sales Associate,88,Cashier,65,Stock Associate,41,"Walmart careers (careers.walmart.com), Indeed (indeed.com), Glassdoor (glassdoor.com)","Walmart in Mulberry, FL, commonly hires 'Retail Sales Associates' and 'Cashiers' at this pay rate; both are confirmed by job listings. 'Stock Associate' is plausible based on industry norms and CSV retail category, but evidence is weaker for this specific location."
"Wal-Mart Associates, Inc.",Ogden,UT,1,"{""702 S.W. 8th St., Bentonville, Arkansas 72716"": 1}",,23.7,Overnight Stocker,78,Department Manager,61,Customer Service Associate,39,"Walmart Careers (careers.walmart.com), Indeed.com, Glassdoor.com","The $23.70/hr rate in Ogden, UT aligns with 'Overnight Stocker' and 'Department Manager' per Walmart and job boards. 'Customer Service Associate' is plausible but less supported. CSV retail categories broadly support these roles; third title is more speculative."
"Wal-Mart Associates, Inc.",Orangevale,CA,1,"{""702 S.W. 8th St., Bentonville, Arkansas 72716"": 1}",,17.0,Retail Sales Associate,92,Cashier,78,Stock Associate,54,"Walmart Careers (careers.walmart.com), Indeed (indeed.com), Glassdoor (glassdoor.com)","Walmart commonly hires 'Retail Sales Associate' and 'Cashier' at $17/hr in CA, confirmed by multiple job boards. 'Stock Associate' is plausible for this pay and location but less directly evidenced. All map to CSV's 'Sales and Related Occupations'."
"Wal-Mart Associates, Inc.",Paris,IL,1,"{""702 S.W. 8th St., Bentonville, Arkansas 72716"": 1}",,15.0,Retail Sales Associate,88,Cashier,65,Stock Associate,41,"Walmart Careers (careers.walmart.com), Indeed.com, Glassdoor.com","Walmart in Paris, IL, lists 'Retail Sales Associate' and 'Cashier' at $15/hr; 'Stock Associate' is plausible based on similar postings but less directly confirmed. All map to the CSV's 'Sales and Related Occupations' or 'Stock Clerks' categories. 'Stock Associate' is more speculative due to weaker evidence."
"Wal-Mart Associates, Inc.",Plant City,FL,1,"{""702 S.W. 8th St., Bentonville, Arkansas 72716"": 1}",,18.54,Stocking Associate,82,Cashier,61,Sales Associate,44,"Walmart Careers (careers.walmart.com), Indeed.com, Glassdoor.com","Walmart Plant City, FL, lists Stocking Associate roles near $18.54/hr. Cashier and Sales Associate are common at this pay, but less directly evidenced for this rate. CSV retail categories support all as plausible. Cashier and Sales Associate are more speculative."
"Wal-Mart Associates, Inc.",Poydras,LA,1,"{""702 S.W. 8th St., Bentonville, Arkansas 72716"": 1}",,14.0,Retail Sales Associate,85,Cashier,62,Stock Associate,41,"Walmart Careers (careers.walmart.com), Indeed (indeed.com), Glassdoor (glassdoor.com)",Walmart commonly hires 'Retail Sales Associates' and 'Cashiers' at $14/hr in Louisiana; 'Stock Associate' is plausible but less directly evidenced. All titles fit the CSV's 'Sales and Related Occupations' or 'Stock Clerks' categories. Lower confidence for speculative roles.
"Wal-Mart Associates, Inc.",Republic,MO,1,"{""702 S.W. 8th St., Bentonville, Arkansas 72716"": 1}",,15.5,Retail Associate,88,Cashier,65,Stocker,41,"Walmart Careers (careers.walmart.com), Indeed.com, Glassdoor.com","Walmart in Republic, MO lists 'Retail Associate' and 'Cashier' at $15.5/hr; 'Stocker' is plausible but less directly evidenced. All are common entry-level roles at this pay. CSV supports these under 'Sales and Related Occupations.'"
"Wal-Mart Associates, Inc.",Roseville,CA,1,"{""702 S.W. 8th St., Bentonville, Arkansas 72716"": 1}",,18.5,Retail Sales Associate,92,Cashier,77,Stock Associate,54,"Walmart Careers (careers.walmart.com), Indeed.com, Glassdoor.com","Walmart in Roseville, CA lists 'Retail Sales Associate' and 'Cashier' at $18.5/hr; 'Stock Associate' is plausible based on similar postings. CSV retail category supports these. 'Stock Associate' is more speculative due to less direct evidence."
"Wal-Mart Associates, Inc.",San Antonio,TX,1,"{""702 S.W. 8th St., Bentonville, Arkansas 72716"": 1}",,14.0,Retail Sales Associate,92,Cashier,81,Stock Associate,63,"Walmart Careers (careers.walmart.com), Indeed.com, Glassdoor.com",Walmart in San Antonio lists 'Retail Sales Associate' and 'Cashier' at $14/hr; 'Stock Associate' is also common but less directly confirmed. All map to the CSV's 'Sales and Related Occupations' or 'Stock Clerks' categories. Third title is moderately speculative.
"Wal-Mart Associates, Inc.",Springfield,MO,1,"{""702 S.W. 8th St., Bentonville, Arkansas 72716"": 1}",,15.0,Retail Sales Associate,92,Cashier,81,Stock Associate,56,"Walmart careers (careers.walmart.com), Indeed.com, Glassdoor.com","Walmart in Springfield, MO, commonly hires 'Retail Sales Associates' and 'Cashiers' at $15/hr, per multiple job boards. 'Stock Associate' is plausible but less directly evidenced. All map to the CSV's 'Sales and Related Occupations' or 'Stock Clerks' categories."
"Wal-Mart Associates, Inc.",Tacoma,WA,1,"{""702 S.W. 8th St., Bentonville, Arkansas 72716"": 1}",,20.0,Retail Sales Associate,88,Cashier,65,Stock Associate,38,"Walmart Careers (careers.walmart.com), Indeed.com, Glassdoor.com","Walmart in Tacoma, WA lists 'Retail Sales Associate' and 'Cashier' roles near $20/hr; 'Stock Associate' is plausible but less directly evidenced. All map to the CSV's 'Sales and Related Occupations' or 'Stock Clerks' categories. 'Stock Associate' is more speculative."
"Wal-Mart Associates, Inc.",Waco,TX,1,"{""702 S.W. 8th St., Bentonville, Arkansas 72716"": 1}",,14.0,Retail Sales Associate,92,Cashier,78,Stock Associate,54,"Walmart Careers (careers.walmart.com), Indeed (indeed.com), Glassdoor (glassdoor.com)","Walmart in Waco, TX lists 'Retail Sales Associate' and 'Cashier' at $14/hr on multiple job boards. 'Stock Associate' is plausible but less directly evidenced. All map to the CSV's 'Sales and Related Occupations' or 'Stock Clerks and Order Fillers' categories."
"Wal-Mart Associates, Inc.",Westminster,CA,1,"{""702 S.W. 8th St., Bentonville, Arkansas 72716"": 1}",,17.0,Retail Sales Associate,92,Cashier,78,Stock Associate,54,"Walmart Careers (careers.walmart.com), Indeed.com, Glassdoor.com","Walmart in Westminster, CA lists 'Retail Sales Associate' and 'Cashier' at $17/hr; 'Stock Associate' is plausible but less directly evidenced. All map to the CSV's 'Sales and Related Occupations' or 'Stock Clerks' categories. Third title is more speculative."
"Wal-Mart Associates, Inc.",Winston Salem,NC,1,"{""702 S.W. 8th St., Bentonville, Arkansas 72716"": 1}",,23.11,Overnight Stocker,78,Department Manager,54,Customer Service Associate,32,"Walmart Careers (careers.walmart.com), Indeed (indeed.com), Glassdoor (glassdoor.com)","The hourly rate ($23.11) in Winston Salem, NC, aligns most with 'Overnight Stocker' based on job postings and reviews. 'Department Manager' is plausible at this pay, though less common. 'Customer Service Associate' is speculative, inferred from similar roles and pay bands. CSV retail categories support these general roles."
"Wal-Mart Associates, Inc.",Ypsilanti,MI,1,"{""702 S.W. 8th St., Bentonville, Arkansas 72716"": 1}",,18.54,Retail Sales Associate,88,Stock Associate,61,Cashier,44,"Walmart Careers (careers.walmart.com), Indeed (indeed.com), Glassdoor (glassdoor.com)","Walmart in Ypsilanti, MI lists 'Retail Sales Associate' roles near $18.54/hr. 'Stock Associate' is plausible based on pay and duties. 'Cashier' is common but less directly supported at this rate. CSV retail category supports all as general matches."
"Wal-Mart Associates, Inc.",Zion,IL,1,"{""702 S.W. 8th St., Bentonville, Arkansas 72716"": 1}",,18.0,Retail Sales Associate,88,Stock Associate,62,Cashier,41,"Walmart careers (careers.walmart.com), Indeed.com, Glassdoor.com","Walmart in Zion, IL lists 'Retail Sales Associate' at $18/hr as a common role. 'Stock Associate' is plausible based on pay and duties. 'Cashier' is speculative but fits Walmart's typical entry-level positions. CSV supports 'Sales' and 'Stock' as broad categories."
